<?xml version="1.0"?>
<!--<!DOCTYPE metadata SYSTEM "http://www.esri.com/metadata/esriprof80.dtd">-->
<metadata xml:lang="en"><Esri><MetaID>{FFFCDF1E-958A-453C-94C6-A8F5C2D951B9}</MetaID><CreaDate>20140629</CreaDate><CreaTime>21433800</CreaTime><SyncOnce>TRUE</SyncOnce><DataProperties><lineage><Process ToolSource="E:\Program Files\ArcGIS\ArcToolbox\Toolboxes\Data Management Tools.tbx\Project" Date="20140629" Time="214338">Project O:\ArcGIS\gistools\Pythonscripts\SDEConnections\PLNDATA_ARCIMS.sde\LANDADMIN.HERITAGE_SITES_VW O:\ArcGIS\gistools\DataDownload\dd_herit\dd_herit_shp.shp GEOGCS['GCS_GDA_1994',DATUM['D_GDA_1994',SPHEROID['GRS_1980',6378137.0,298.257222101]],PRIMEM['Greenwich',0.0],UNIT['Degree',0.0174532925199433]] # PROJCS['GDA_1994_Lambert_Conformal_Conic',GEOGCS['GCS_GDA_1994',DATUM['D_GDA_1994',SPHEROID['GRS_1980',6378137.0,298.257222101]],PRIMEM['Greenwich',0.0],UNIT['Degree',0.0174532925199433]],PROJECTION['Lambert_Conformal_Conic'],PARAMETER['False_Easting',1000000.0],PARAMETER['False_Northing',2000000.0],PARAMETER['Central_Meridian',135.0],PARAMETER['Standard_Parallel_1',-28.0],PARAMETER['Standard_Parallel_2',-36.0],PARAMETER['Latitude_Of_Origin',-32.0],UNIT['Meter',1.0]]</Process></lineage></DataProperties></Esri></metadata>
